{
  "name": "Laptop Request",
  "table": "sc_request",
  "fields": [
    {
      "name": "laptop_type",
      "type": "choice",
      "choices": [
        "Ultrabook",
        "Workstation",
        "Budget"
      ]
    },
    {
      "name": "ram",
      "type": "choice",
      "choices": [
        "8GB",
        "16GB",
        "32GB"
      ]
    },
    {
      "name": "storage",
      "type": "choice",
      "choices": [
        "256GB",
        "512GB",
        "1TB"
      ]
    },
    {
      "name": "justification",
      "type": "string",
      "max_length": 1000
    },
    {
      "name": "manager_approval",
      "type": "boolean"
    }
  ],
  "workflow": "Manager approval -> Procurement -> Fulfillment"
}